date,pm25,pm25_counterfactual,effect
2021-07-30,93.0,74.54310607910156,18.456893920898438
2021-07-31,78.0,75.62174987792969,2.3782501220703125
2021-08-01,62.0,69.36862182617188,-7.368621826171875
2021-08-02,58.0,68.38487243652344,-10.384872436523438
2021-08-03,56.0,62.95151901245117,-6.951519012451172
2021-08-04,64.0,66.73603820800781,-2.7360382080078125
2021-08-05,65.0,68.33950805664062,-3.339508056640625
2021-08-06,70.0,70.14755249023438,-0.147552490234375
2021-08-07,64.0,74.81062316894531,-10.810623168945312
2021-08-08,63.0,74.17594146728516,-11.175941467285156
2021-08-09,76.0,74.49630737304688,1.503692626953125
2021-08-10,89.0,73.96017456054688,15.039825439453125
2021-08-11,102.0,73.6008529663086,28.399147033691406
2021-08-12,96.0,76.09395599365234,19.906044006347656
2021-08-13,103.0,76.94503784179688,26.054962158203125
2021-08-14,108.0,74.31919860839844,33.68080139160156
2021-08-15,110.0,73.31495666503906,36.68504333496094
2021-08-16,105.0,71.59198760986328,33.40801239013672
2021-08-17,71.0,67.70527648925781,3.2947235107421875
2021-08-18,59.0,65.7972640991211,-6.797264099121094
2021-08-19,64.0,65.69403839111328,-1.6940383911132812
2021-08-20,63.0,65.83378601074219,-2.8337860107421875
2021-08-21,77.0,66.12190246582031,10.878097534179688
2021-08-22,82.0,70.25148010253906,11.748519897460938
2021-08-23,73.0,69.6785888671875,3.3214111328125
2021-08-24,62.0,69.751708984375,-7.751708984375
2021-08-25,71.0,68.94564819335938,2.054351806640625
2021-08-26,63.0,68.74594116210938,-5.745941162109375
2021-08-27,85.0,71.425048828125,13.574951171875
2021-08-28,77.0,69.6785888671875,7.3214111328125
2021-08-29,68.0,72.77534484863281,-4.7753448486328125
2021-08-30,68.0,72.72534942626953,-4.725349426269531
2021-08-31,64.0,68.79582977294922,-4.795829772949219
2021-09-01,87.0,73.82135009765625,13.17864990234375
2021-09-02,76.0,71.12031555175781,4.8796844482421875
2021-09-03,64.0,66.34176635742188,-2.341766357421875
2021-09-04,56.0,68.71192169189453,-12.711921691894531
2021-09-05,59.0,68.97521209716797,-9.975212097167969
2021-09-06,51.0,69.64064025878906,-18.640640258789062
2021-09-07,59.0,69.40802001953125,-10.40802001953125
2021-09-08,72.0,70.99540710449219,1.0045928955078125
2021-09-09,56.0,68.0261001586914,-12.026100158691406
2021-09-10,51.0,66.0370864868164,-15.037086486816406
2021-09-11,62.0,67.32939147949219,-5.3293914794921875
2021-09-12,55.0,66.12190246582031,-11.121902465820312
2021-09-13,58.0,67.84709167480469,-9.847091674804688
2021-09-14,130.0,74.36515808105469,55.63484191894531
2021-09-15,138.0,76.99716186523438,61.002838134765625
2021-09-16,68.0,69.04304504394531,-1.0430450439453125
2021-09-17,65.0,69.81852722167969,-4.8185272216796875
2021-09-18,61.0,68.2184829711914,-7.218482971191406
2021-09-19,74.0,69.64459991455078,4.355400085449219
2021-09-20,66.0,68.8572769165039,-2.8572769165039062
2021-09-21,52.0,68.41234588623047,-16.41234588623047
2021-09-22,63.0,65.60794830322266,-2.6079483032226562
2021-09-23,88.0,67.34420776367188,20.655792236328125
2021-09-24,117.0,68.50506591796875,48.49493408203125
2021-09-25,109.0,71.3000717163086,37.699928283691406
2021-09-26,82.0,71.70696258544922,10.293037414550781
2021-09-27,81.0,76.06755828857422,4.932441711425781
2021-09-28,98.0,75.3310317993164,22.668968200683594
2021-09-29,71.0,76.03530883789062,-5.035308837890625
2021-09-30,54.0,70.28328704833984,-16.283287048339844
2021-10-01,64.0,72.70755767822266,-8.707557678222656
2021-10-02,58.0,70.33999633789062,-12.339996337890625
2021-10-03,79.0,72.50393676757812,6.496063232421875
2021-10-04,56.0,68.8822021484375,-12.8822021484375
2021-10-05,51.0,72.0461654663086,-21.046165466308594
2021-10-06,59.0,70.85556030273438,-11.855560302734375
2021-10-07,57.0,69.06710815429688,-12.067108154296875
2021-10-08,57.0,68.57881927490234,-11.578819274902344
2021-10-09,55.0,65.00047302246094,-10.000473022460938
2021-10-10,56.0,65.02072143554688,-9.020721435546875
2021-10-11,67.0,67.07044219970703,-0.07044219970703125
2021-10-12,55.0,66.12535858154297,-11.125358581542969
2021-10-13,62.0,65.67127227783203,-3.6712722778320312
2021-10-14,53.0,63.73960876464844,-10.739608764648438
2021-10-15,65.0,65.93070983886719,-0.9307098388671875
2021-10-16,68.0,69.77051544189453,-1.7705154418945312
2021-10-17,73.0,72.05540466308594,0.9445953369140625
2021-10-18,63.0,68.9439468383789,-5.943946838378906
2021-10-19,61.0,68.71856689453125,-7.71856689453125
2021-10-20,74.0,69.67213439941406,4.3278656005859375
2021-10-21,69.0,70.52810668945312,-1.528106689453125
2021-10-22,86.0,68.98969268798828,17.01030731201172
2021-10-23,68.0,65.25941467285156,2.7405853271484375
2021-10-24,59.0,64.9276123046875,-5.9276123046875
2021-10-25,60.0,70.7343978881836,-10.734397888183594
2021-10-26,70.0,68.20980834960938,1.790191650390625
2021-10-27,56.0,65.90734100341797,-9.907341003417969
2021-10-28,55.0,66.55106353759766,-11.551063537597656
2021-10-29,67.0,69.74553680419922,-2.7455368041992188
2021-10-30,68.0,69.2846908569336,-1.2846908569335938
2021-10-31,54.0,69.6147689819336,-15.614768981933594
2021-11-01,44.0,68.8995132446289,-24.899513244628906
2021-11-02,49.0,66.04753875732422,-17.04753875732422
2021-11-03,36.0,62.7504768371582,-26.750476837158203
2021-11-04,32.0,62.337181091308594,-30.337181091308594
2021-11-05,32.625,62.240379333496094,-29.615379333496094
2021-11-06,33.25,62.36212158203125,-29.11212158203125
2021-11-07,33.875,62.36212158203125,-28.48712158203125
2021-12-06,52.0,60.49081802368164,-8.49081802368164
2021-12-07,66.0,66.14195251464844,-0.1419525146484375
2021-12-08,53.0,62.08448028564453,-9.084480285644531
2021-12-09,51.0,66.51604461669922,-15.516044616699219
2021-12-10,60.0,66.26074981689453,-6.260749816894531
2021-12-11,67.0,62.197608947753906,4.802391052246094
2021-12-12,68.5,61.782875061035156,6.717124938964844
2021-12-13,70.0,64.564208984375,5.435791015625
2021-12-14,75.0,71.92816925048828,3.0718307495117188
2021-12-15,69.0,72.33354949951172,-3.3335494995117188
2021-12-16,77.0,73.32453918457031,3.6754608154296875
2021-12-17,71.0,73.81680297851562,-2.816802978515625
2021-12-18,85.0,72.4398193359375,12.5601806640625
2021-12-19,77.0,72.63863372802734,4.361366271972656
2021-12-20,93.0,75.2861099243164,17.713890075683594
2021-12-21,103.0,77.40258026123047,25.59741973876953
2021-12-22,97.16666666666667,76.19917297363281,20.96749369303386
2021-12-23,91.33333333333333,74.96404266357422,16.36929066975911
2021-12-24,85.5,73.88172149658203,11.618278503417969
2021-12-27,68.0,66.92262268066406,1.0773773193359375
2021-12-28,60.0,66.71721649169922,-6.717216491699219
2021-12-29,65.0,67.68498229980469,-2.6849822998046875
2021-12-30,87.0,74.05181884765625,12.94818115234375
2021-12-31,92.0,77.79036712646484,14.209632873535156
2022-01-01,101.0,80.7754135131836,20.224586486816406
2022-01-02,110.0,88.60043334960938,21.399566650390625
2022-01-03,138.0,92.92063903808594,45.07936096191406
2022-01-04,94.0,87.912841796875,6.087158203125
2022-01-05,66.0,69.5916748046875,-3.5916748046875
2022-01-06,55.0,62.535377502441406,-7.535377502441406
2022-01-07,55.0,68.07491302490234,-13.074913024902344
2022-01-08,60.0,65.75682830810547,-5.756828308105469
2022-01-09,63.0,68.67619323730469,-5.6761932373046875
2022-01-10,64.0,72.20979309082031,-8.209793090820312
2022-01-11,59.0,74.72608184814453,-15.726081848144531
2022-01-12,60.0,71.17725372314453,-11.177253723144531
2022-01-13,65.0,71.11540985107422,-6.115409851074219
2022-01-14,64.0,71.14173889160156,-7.1417388916015625
2022-01-15,66.0,72.89280700683594,-6.8928070068359375
2022-01-16,71.0,77.3048324584961,-6.304832458496094
2022-01-17,64.0,81.2248764038086,-17.224876403808594
2022-01-18,78.0,93.3243408203125,-15.3243408203125
2022-01-19,81.0,91.91155242919922,-10.911552429199219
2022-01-20,77.0,90.04165649414062,-13.041656494140625
2022-01-21,75.0,85.48312377929688,-10.483123779296875
2022-01-22,61.0,76.21023559570312,-15.210235595703125
2022-01-23,67.0,71.83604431152344,-4.8360443115234375
2022-01-24,75.0,72.8459701538086,2.1540298461914062
2022-01-25,72.0,66.33269500732422,5.667304992675781
2022-01-26,76.0,74.47215270996094,1.5278472900390625
2022-01-27,77.0,77.98477935791016,-0.9847793579101562
2022-01-28,73.25,74.87157440185547,-1.6215744018554688
2022-01-29,69.5,72.5642318725586,-3.0642318725585938
2022-01-30,65.75,68.0649185180664,-2.3149185180664062
2022-01-31,62.0,66.25956726074219,-4.2595672607421875
2022-02-01,64.0,68.03536224365234,-4.035362243652344
2022-02-02,60.0,68.35372161865234,-8.353721618652344
2022-02-03,69.0,66.9122543334961,2.0877456665039062
2022-02-04,61.0,72.68218994140625,-11.68218994140625
2022-02-05,68.0,71.08013153076172,-3.0801315307617188
2022-02-06,60.0,69.57183837890625,-9.57183837890625
2022-02-07,59.0,75.22940826416016,-16.229408264160156
2022-02-08,56.0,72.513916015625,-16.513916015625
2022-02-09,71.0,84.1937255859375,-13.1937255859375
2022-02-10,69.2,81.44744110107422,-12.247441101074216
2022-02-11,67.4,72.57317352294922,-5.173173522949213
2022-02-12,65.6,63.71428298950195,1.8857170104980412
2022-02-14,62.0,60.931304931640625,1.068695068359375
2022-02-15,56.0,64.80901336669922,-8.809013366699219
2022-02-16,55.0,67.2584457397461,-12.258445739746094
2022-02-17,58.0,68.32620239257812,-10.326202392578125
2022-02-18,64.0,70.7222900390625,-6.7222900390625
2022-02-19,61.0,68.66365814208984,-7.663658142089844
2022-02-20,56.0,69.95095825195312,-13.950958251953125
2022-02-21,62.0,79.8022232055664,-17.802223205566406
2022-02-22,61.0,93.4354476928711,-32.435447692871094
2022-02-23,63.0,80.03739166259766,-17.037391662597656
2022-02-24,67.0,90.38731384277344,-23.387313842773438
2022-02-25,58.0,82.8532943725586,-24.853294372558594
2022-02-26,57.0,77.24484252929688,-20.244842529296875
2022-02-27,62.0,63.47866439819336,-1.4786643981933594
2022-02-28,54.0,59.1191291809082,-5.119129180908203
2022-03-01,58.0,62.029205322265625,-4.029205322265625
2022-03-02,65.0,75.97682189941406,-10.976821899414062
2022-03-03,65.0,68.76490020751953,-3.7649002075195312
2022-03-04,52.0,66.18319702148438,-14.183197021484375
2022-03-05,48.0,65.35596466064453,-17.35596466064453
2022-03-06,55.0,65.36058807373047,-10.360588073730469
2022-03-07,54.0,74.02774047851562,-20.027740478515625
2022-03-08,53.0,66.92868041992188,-13.928680419921875
2022-03-09,54.0,67.08889770507812,-13.088897705078125
2022-03-10,60.0,69.32426452636719,-9.324264526367188
2022-03-11,63.0,83.07838439941406,-20.078384399414062
2022-03-12,55.0,68.83122253417969,-13.831222534179688
2022-03-13,57.0,81.17637634277344,-24.176376342773438
2022-03-14,63.0,73.5644760131836,-10.564476013183594
2022-03-15,92.0,70.78919982910156,21.210800170898438
2022-03-16,116.0,64.68726348876953,51.31273651123047
2022-03-17,135.0,65.54035186767578,69.45964813232422
2022-03-18,75.0,65.43853759765625,9.56146240234375
2022-03-19,55.0,65.28106689453125,-10.28106689453125
2022-03-20,56.0,67.28055572509766,-11.280555725097656
2022-03-21,60.0,63.55622100830078,-3.5562210083007812
2022-03-22,77.0,64.04904174804688,12.950958251953125
2022-03-23,66.0,64.23233032226562,1.767669677734375
2022-03-24,60.0,67.81116485595703,-7.811164855957031
2022-03-25,73.0,65.72010040283203,7.279899597167969
2022-03-26,152.0,66.19910430908203,85.80089569091797
2022-03-27,85.0,67.46746063232422,17.53253936767578
2022-03-28,75.0,69.1275634765625,5.8724365234375
2022-03-29,93.0,67.21358489990234,25.786415100097656
2022-03-30,62.0,64.46630096435547,-2.4663009643554688
2022-03-31,53.0,64.22671508789062,-11.226715087890625
2022-04-01,52.0,63.796600341796875,-11.796600341796875
2022-04-02,54.0,64.6297378540039,-10.629737854003906
2022-04-03,57.0,68.89008331298828,-11.890083312988281
2022-04-04,54.0,65.45643615722656,-11.456436157226562
2022-04-05,60.0,64.18273162841797,-4.182731628417969
2022-04-06,52.0,65.18631744384766,-13.186317443847656
2022-04-07,51.0,67.49568176269531,-16.495681762695312
2022-04-08,57.0,66.81279754638672,-9.812797546386719
2022-04-09,54.0,65.89398956298828,-11.893989562988281
2022-04-10,58.0,65.89398956298828,-7.893989562988281
2022-04-11,71.0,66.25105285644531,4.7489471435546875
2022-04-12,66.0,63.47799301147461,2.5220069885253906
2022-04-13,65.63636363636364,62.75840759277344,2.8779560435902027
2022-04-14,65.27272727272727,61.32426071166992,3.9484665610573444
2022-04-15,64.9090909090909,57.904518127441406,7.0045727816495
2022-05-04,58.0,56.27404022216797,1.7259597778320312
2022-05-05,58.0,53.44107437133789,4.558925628662109
2022-05-06,52.0,58.594207763671875,-6.594207763671875
2022-05-07,54.0,61.47393035888672,-7.473930358886719
2022-05-08,53.0,64.60813903808594,-11.608139038085938
2022-05-09,54.0,65.92427825927734,-11.924278259277344
2022-05-10,50.0,67.40007019042969,-17.400070190429688
2022-05-11,57.0,67.05551147460938,-10.055511474609375
2022-05-12,58.4,67.18717956542969,-8.787179565429689
2022-05-13,59.8,67.18717956542969,-7.38717956542969
2022-05-14,61.2,67.49647521972656,-6.29647521972656
2022-05-16,64.0,70.14481353759766,-6.144813537597656
2022-05-17,66.0,73.52022552490234,-7.520225524902344
2022-05-18,69.0,71.46125030517578,-2.4612503051757812
2022-05-19,64.0,72.1242904663086,-8.124290466308594
2022-05-20,67.0,69.33345031738281,-2.3334503173828125
2022-05-21,66.0,71.427490234375,-5.427490234375
2022-05-22,80.0,68.70621490478516,11.293785095214844
2022-05-23,67.0,69.0755844116211,-2.0755844116210938
2022-05-24,60.0,70.57571411132812,-10.575714111328125
2022-05-25,56.0,62.60930633544922,-6.609306335449219
2022-05-26,48.0,62.7111701965332,-14.711170196533203
2022-05-27,54.0,65.88570404052734,-11.885704040527344
2022-05-28,54.0,69.9480972290039,-15.948097229003906
2022-05-29,64.0,71.58645629882812,-7.586456298828125
2022-05-30,65.0,69.0755844116211,-4.075584411621094
2022-05-31,57.0,71.3210678100586,-14.321067810058594
2022-06-01,61.0,70.0203628540039,-9.020362854003906
2022-06-02,60.0,70.78316497802734,-10.783164978027344
2022-06-03,56.0,69.50340270996094,-13.503402709960938
2022-06-04,55.0,69.0755844116211,-14.075584411621094
2022-06-05,58.0,70.91281127929688,-12.912811279296875
2022-06-06,60.0,69.48699951171875,-9.48699951171875
2022-06-07,61.0,71.09246063232422,-10.092460632324219
2022-06-08,67.0,70.603515625,-3.603515625
2022-06-09,57.0,69.65608978271484,-12.656089782714844
2022-06-10,53.0,68.4030532836914,-15.403053283691406
2022-06-11,53.0,66.25080871582031,-13.250808715820312
2022-06-12,52.0,66.16932678222656,-14.169326782226562
2022-06-13,57.0,67.65276336669922,-10.652763366699219
2022-06-14,64.0,68.1214828491211,-4.121482849121094
2022-06-15,64.18181818181819,68.1214828491211,-3.9396646673029068
2022-06-16,64.36363636363636,68.68794250488281,-4.324306141246453
2022-06-17,64.54545454545455,71.01639556884766,-6.4709410233931095
2022-07-06,68.0,70.13824462890625,-2.13824462890625
2022-07-07,57.0,68.51836395263672,-11.518363952636719
2022-07-08,54.0,66.4200668334961,-12.420066833496094
2022-07-09,52.0,68.34439086914062,-16.344390869140625
2022-07-10,54.0,66.16949462890625,-12.16949462890625
2022-07-11,55.0,66.16949462890625,-11.16949462890625
2022-07-12,57.0,67.14805603027344,-10.148056030273438
2022-07-13,55.0,67.36384582519531,-12.363845825195312
2022-07-14,58.0,66.16949462890625,-8.16949462890625
2022-07-15,56.0,66.16949462890625,-10.16949462890625
2022-07-16,53.0,66.16949462890625,-13.16949462890625
2022-07-17,57.0,67.76271057128906,-10.762710571289062
2022-07-18,58.0,68.06563568115234,-10.065635681152344
2022-07-19,59.0,67.7518539428711,-8.751853942871094
2022-07-20,58.125,68.06563568115234,-9.940635681152344
2022-07-21,57.25,68.74560546875,-11.49560546875
2022-07-22,56.375,71.6336441040039,-15.258644104003906
2022-07-27,52.0,70.54432678222656,-18.544326782226562
2022-07-28,62.0,73.81608581542969,-11.816085815429688
2022-07-29,62.0,78.1651611328125,-16.1651611328125
2022-07-30,54.0,77.76657104492188,-23.766571044921875
2022-07-31,55.0,71.73609924316406,-16.736099243164062
2022-08-01,53.0,71.94326782226562,-18.943267822265625
2022-08-02,54.0,72.53657531738281,-18.536575317382812
2022-08-03,54.0,69.02738189697266,-15.027381896972656
2022-08-04,54.0,69.04678344726562,-15.046783447265625
2022-08-05,55.0,70.0158920288086,-15.015892028808594
2022-08-06,58.0,69.01744079589844,-11.017440795898438
2022-08-07,56.0,69.39250183105469,-13.392501831054688
2022-08-08,59.0,69.81373596191406,-10.813735961914062
2022-08-09,58.0,69.36875915527344,-11.368759155273438
2022-08-10,60.0,69.34983825683594,-9.349838256835938
2022-08-11,56.0,69.3082275390625,-13.3082275390625
2022-08-12,63.0,71.37461853027344,-8.374618530273438
2022-08-13,66.0,74.62356567382812,-8.623565673828125
2022-08-14,74.0,77.0946044921875,-3.0946044921875
2022-08-15,65.0,75.53172302246094,-10.531723022460938
2022-08-16,61.0,70.7270736694336,-9.727073669433594
2022-08-17,59.0,69.59828186035156,-10.598281860351562
2022-08-18,55.0,66.81758117675781,-11.817581176757812
2022-08-19,49.0,68.0211410522461,-19.021141052246094
2022-08-20,51.0,67.77803039550781,-16.778030395507812
2022-08-21,58.0,70.49506378173828,-12.495063781738281
2022-08-22,58.0,69.2633285522461,-11.263328552246094
2022-08-23,53.0,69.00196075439453,-16.00196075439453
2022-08-24,55.0,69.26266479492188,-14.262664794921875
2022-08-25,55.0,69.68299865722656,-14.682998657226562
2022-08-26,53.0,67.79806518554688,-14.798065185546875
2022-08-27,49.0,65.63822937011719,-16.638229370117188
2022-08-28,53.0,65.70730590820312,-12.707305908203125
2022-08-29,66.0,68.98185729980469,-2.9818572998046875
2022-08-30,86.0,76.2333984375,9.7666015625
2022-08-31,69.0,70.90676879882812,-1.906768798828125
2022-09-01,69.0,76.03436279296875,-7.03436279296875
2022-09-02,69.0,74.08798217773438,-5.087982177734375
2022-09-03,68.0,75.77406311035156,-7.7740631103515625
2022-09-04,59.0,71.39810943603516,-12.398109436035156
2022-09-05,56.0,70.7897720336914,-14.789772033691406
2022-09-06,66.0,74.7626724243164,-8.762672424316406
2022-09-07,64.0,74.59523010253906,-10.595230102539062
2022-09-08,56.0,74.53555297851562,-18.535552978515625
2022-09-09,61.0,74.126708984375,-13.126708984375
2022-09-10,54.0,70.60063934326172,-16.60063934326172
2022-09-11,60.0,73.0810317993164,-13.081031799316406
2022-09-12,68.0,75.42718505859375,-7.42718505859375
2022-09-13,71.0,79.44227600097656,-8.442276000976562
2022-09-14,62.0,78.65699768066406,-16.656997680664062
2022-09-15,61.73076923076923,78.74121856689453,-17.010449336125298
2022-09-16,61.46153846153846,77.7443618774414,-16.282823415902946
2022-09-17,61.19230769230769,79.6261978149414,-18.433890122633713
2022-10-10,55.0,88.16839599609375,-33.16839599609375
2022-10-11,55.708333333333336,88.84696960449219,-33.13863627115885
2022-10-12,56.416666666666664,88.0332260131836,-31.61655934651693
2022-10-13,57.125,85.25021362304688,-28.125213623046875
2022-11-03,72.0,80.13013458251953,-8.130134582519531
2022-11-04,64.0,63.50912857055664,0.4908714294433594
2022-11-05,45.0,65.39962005615234,-20.399620056152344
2022-11-06,67.0,70.80277252197266,-3.8027725219726562
2022-11-07,76.0,74.65933227539062,1.340667724609375
2022-11-08,82.0,83.2811508178711,-1.2811508178710938
2022-11-09,76.0,90.73080444335938,-14.730804443359375
2022-11-10,58.0,72.79359436035156,-14.793594360351562
2022-11-11,64.0,70.85673522949219,-6.8567352294921875
2022-11-12,60.0,70.8134994506836,-10.813499450683594
2022-11-13,68.0,71.50224304199219,-3.5022430419921875
2022-11-14,70.0,71.38583374023438,-1.385833740234375
2022-11-15,67.0,69.18551635742188,-2.185516357421875
2022-11-16,53.0,65.78900146484375,-12.78900146484375
2022-11-17,45.0,64.65961456298828,-19.65961456298828
2022-11-18,36.0,62.18278121948242,-26.182781219482422
2022-11-19,32.0,59.76779556274414,-27.76779556274414
2022-11-20,35.111111111111114,56.010597229003906,-20.899486117892792
2022-11-21,38.22222222222222,54.70006561279297,-16.477843390570747
2022-11-22,41.333333333333336,53.704193115234375,-12.37085978190104
2022-11-28,60.0,54.4580192565918,5.541980743408203
2022-11-29,54.0,54.53633499145508,-0.5363349914550781
2022-11-30,57.0,63.02668762207031,-6.0266876220703125
2022-12-01,63.0,75.90892791748047,-12.908927917480469
2022-12-02,65.0,73.8717041015625,-8.8717041015625
2022-12-03,58.0,71.00523376464844,-13.005233764648438
2022-12-04,61.0,75.4339370727539,-14.433937072753906
2022-12-05,68.0,67.97010040283203,0.02989959716796875
2022-12-06,115.0,64.08221435546875,50.91778564453125
2022-12-07,52.0,61.184207916259766,-9.184207916259766
2022-12-08,70.0,65.65483093261719,4.3451690673828125
2022-12-09,134.0,64.22477722167969,69.77522277832031
2022-12-10,47.0,62.82927703857422,-15.829277038574219
2022-12-11,49.0,69.0052719116211,-20.005271911621094
2022-12-12,54.0,67.31217956542969,-13.312179565429688
2022-12-13,52.0,67.70530700683594,-15.705307006835938
2022-12-14,51.0,64.91907501220703,-13.919075012207031
2022-12-15,48.0,70.1895751953125,-22.1895751953125
2022-12-16,48.0,69.8597183227539,-21.859718322753906
2022-12-17,52.0,65.39874267578125,-13.39874267578125
2022-12-18,57.0,74.53019714355469,-17.530197143554688
2022-12-19,57.0,73.54290771484375,-16.54290771484375
2022-12-20,61.0,79.2851791381836,-18.285179138183594
2022-12-21,59.0,69.4346694946289,-10.434669494628906
2022-12-22,51.0,68.09686279296875,-17.09686279296875
2022-12-23,58.0,68.60221862792969,-10.602218627929688
2022-12-24,60.0,73.49014282226562,-13.490142822265625
2022-12-25,60.0,75.35469055175781,-15.354690551757812
2022-12-26,56.0,76.2847671508789,-20.284767150878906
2022-12-27,68.0,78.24781799316406,-10.247817993164062
2022-12-28,70.0,87.7945556640625,-17.7945556640625
2022-12-29,59.0,90.75308990478516,-31.753089904785156
2022-12-30,56.0,91.46475982666016,-35.464759826660156
2022-12-31,67.0,89.00650787353516,-22.006507873535156
2023-01-01,61.0,89.0340576171875,-28.0340576171875
2023-01-02,62.0,90.11486053466797,-28.11486053466797
2023-01-03,63.0,94.41609954833984,-31.416099548339844
2023-01-04,59.0,81.67446899414062,-22.674468994140625
2023-01-05,51.0,83.75910949707031,-32.75910949707031
2023-01-06,59.0,93.14026641845703,-34.14026641845703
2023-01-07,59.0,94.17549133300781,-35.17549133300781
2023-01-08,56.0,80.51138305664062,-24.511383056640625
2023-01-09,51.0,61.422203063964844,-10.422203063964844
2023-01-10,52.0,63.808685302734375,-11.808685302734375
2023-01-11,54.0,69.3570556640625,-15.3570556640625
2023-01-12,53.0,66.75627899169922,-13.756278991699219
2023-01-13,54.0,70.07640075683594,-16.076400756835938
2023-01-14,57.0,79.44805145263672,-22.44805145263672
2023-01-15,53.0,81.38540649414062,-28.385406494140625
2023-01-16,52.0,69.15990447998047,-17.15990447998047
2023-01-17,52.0,69.26752471923828,-17.26752471923828
2023-01-18,51.0,60.19218063354492,-9.192180633544922
2023-01-19,49.0,64.45272064208984,-15.452720642089844
2023-01-20,53.0,63.80714416503906,-10.807144165039062
2023-01-21,51.0,66.3680419921875,-15.3680419921875
2023-01-22,55.0,66.22311401367188,-11.223114013671875
2023-01-23,58.0,69.93895721435547,-11.938957214355469
2023-01-24,52.0,71.25033569335938,-19.250335693359375
2023-01-25,50.0,64.51404571533203,-14.514045715332031
2023-01-26,52.0,63.9547233581543,-11.954723358154297
2023-01-27,49.0,61.904518127441406,-12.904518127441406
2023-01-28,53.0,64.5931167602539,-11.593116760253906
2023-01-29,47.0,64.32481384277344,-17.324813842773438
2023-01-30,54.0,71.24422454833984,-17.244224548339844
2023-01-31,57.0,82.78657531738281,-25.786575317382812
2023-02-01,59.0,85.76172637939453,-26.76172637939453
2023-02-02,54.0,85.57473754882812,-31.574737548828125
2023-02-03,56.0,72.03575134277344,-16.035751342773438
2023-02-04,56.0,69.41429901123047,-13.414299011230469
2023-02-05,57.0,70.34031677246094,-13.340316772460938
2023-02-06,52.0,64.3779067993164,-12.377906799316406
2023-02-07,58.0,68.3944320678711,-10.394432067871094
2023-02-08,57.0,70.74354553222656,-13.743545532226562
2023-02-09,49.0,60.577457427978516,-11.577457427978516
2023-02-10,50.0,60.221336364746094,-10.221336364746094
2023-02-11,51.0,60.711021423339844,-9.711021423339844
2023-02-12,59.0,63.7339973449707,-4.733997344970703
2023-02-13,57.0,68.11162567138672,-11.111625671386719
2023-02-14,58.0,68.89599609375,-10.89599609375
2023-02-15,56.0,76.81897735595703,-20.81897735595703
2023-02-16,57.0,74.6337661743164,-17.633766174316406
2023-02-17,59.0,71.8896713256836,-12.889671325683594
2023-02-18,61.0,74.42401885986328,-13.424018859863281
2023-02-19,64.0,83.57838439941406,-19.578384399414062
2023-02-20,65.0,99.61795806884766,-34.617958068847656
2023-02-21,66.0,92.91838836669922,-26.91838836669922
2023-02-22,70.0,92.43795776367188,-22.437957763671875
2023-02-23,77.0,100.71857452392578,-23.71857452392578
2023-02-24,71.0,76.38166809082031,-5.3816680908203125
2023-02-25,49.0,58.35683822631836,-9.35683822631836
2023-02-26,44.0,56.66213607788086,-12.66213607788086
2023-02-27,52.0,55.88775634765625,-3.88775634765625
2023-02-28,52.0,55.68794250488281,-3.6879425048828125
2023-03-01,50.0,56.73442077636719,-6.7344207763671875
2023-03-02,53.0,55.597965240478516,-2.5979652404785156
2023-03-03,49.0,53.72166061401367,-4.721660614013672
2023-03-04,52.0,62.80561828613281,-10.805618286132812
2023-03-05,58.0,75.92391204833984,-17.923912048339844
2023-03-06,54.0,67.2322998046875,-13.2322998046875
2023-03-07,49.0,68.54365539550781,-19.543655395507812
2023-03-08,49.0,65.8983383178711,-16.898338317871094
2023-03-09,54.0,65.72735595703125,-11.72735595703125
2023-03-10,52.0,65.47405242919922,-13.474052429199219
2023-03-11,52.0,65.8771743774414,-13.877174377441406
2023-03-12,53.0,67.59827423095703,-14.598274230957031
2023-03-13,60.0,66.91539001464844,-6.9153900146484375
2023-03-14,53.0,66.18567657470703,-13.185676574707031
2023-03-15,48.0,73.7532958984375,-25.7532958984375
2023-03-16,53.0,69.79676818847656,-16.796768188476562
2023-03-17,58.0,69.0675277709961,-11.067527770996094
2023-03-18,55.0,70.02143859863281,-15.021438598632812
2023-03-19,53.0,73.87665557861328,-20.87665557861328
2023-03-20,52.0,66.71438598632812,-14.714385986328125
2023-03-21,50.0,72.19515991210938,-22.195159912109375
2023-03-22,57.0,74.42882537841797,-17.42882537841797
2023-03-23,58.0,80.04772186279297,-22.04772186279297
2023-03-24,56.0,84.73436737060547,-28.73436737060547
2023-03-25,56.0,93.54332733154297,-37.54332733154297
2023-03-26,54.0,92.1684341430664,-38.168434143066406
2023-03-27,47.0,88.08695983886719,-41.08695983886719
2023-03-28,50.0,76.42181396484375,-26.42181396484375
2023-03-29,57.0,80.88358306884766,-23.883583068847656
2023-03-30,56.0,83.68099212646484,-27.680992126464844
2023-03-31,52.0,76.72982788085938,-24.729827880859375
2023-04-01,53.0,67.09607696533203,-14.096076965332031
2023-04-02,50.0,61.39576721191406,-11.395767211914062
2023-04-03,44.0,62.02822494506836,-18.02822494506836
2023-04-04,52.0,67.45457458496094,-15.454574584960938
2023-04-05,48.0,67.35945129394531,-19.359451293945312
2023-04-06,47.0,66.25159454345703,-19.25159454345703
2023-04-07,49.0,67.70476531982422,-18.70476531982422
2023-04-08,52.0,74.38420867919922,-22.38420867919922
2023-04-09,50.0,71.27943420410156,-21.279434204101562
2023-04-10,55.0,73.87700653076172,-18.87700653076172
2023-04-11,62.0,75.18623352050781,-13.186233520507812
2023-04-12,59.0,69.04035186767578,-10.040351867675781
2023-04-13,57.0,65.39410400390625,-8.39410400390625
2023-04-14,51.0,67.60957336425781,-16.609573364257812
2023-04-15,45.0,67.80497741699219,-22.804977416992188
2023-04-16,53.0,65.89398956298828,-12.893989562988281
2023-04-17,53.333333333333336,65.89398956298828,-12.560656229654946
2023-04-18,53.666666666666664,65.89398956298828,-12.227322896321617
2023-04-19,54.0,65.89398956298828,-11.893989562988281
2023-04-28,57.0,67.73385620117188,-10.733856201171875
2023-04-29,63.0,67.09410095214844,-4.0941009521484375
2023-04-30,44.0,65.62265014648438,-21.622650146484375
2023-05-01,32.0,65.58548736572266,-33.585487365722656
2023-05-02,34.0,67.40107727050781,-33.40107727050781
2023-05-03,32.0,65.42327117919922,-33.42327117919922
2023-05-04,45.0,67.18717956542969,-22.187179565429688
2023-05-05,51.0,67.18717956542969,-16.187179565429688
2023-05-06,50.0,65.62265014648438,-15.622650146484375
2023-05-07,42.0,63.2977294921875,-21.2977294921875
2023-05-08,34.0,66.8900375366211,-32.890037536621094
2023-05-09,54.0,67.49647521972656,-13.496475219726562
2023-05-10,38.0,65.46827697753906,-27.468276977539062
2023-05-11,32.0,61.978546142578125,-29.978546142578125
2023-05-12,34.0,61.2862548828125,-27.2862548828125
2023-05-13,33.0,59.6724853515625,-26.6724853515625
2023-05-14,24.0,59.428592681884766,-35.428592681884766
2023-05-15,36.0,58.407470703125,-22.407470703125
2023-05-16,40.0,58.18917465209961,-18.18917465209961
2023-05-17,47.0,57.51201629638672,-10.512016296386719
2023-05-18,36.0,56.324832916259766,-20.324832916259766
2023-05-19,29.0,57.49192428588867,-28.491924285888672
2023-05-20,24.0,56.76398849487305,-32.76398849487305
2023-05-21,41.0,58.03209686279297,-17.03209686279297
2023-05-22,37.0,56.81303024291992,-19.813030242919922
2023-05-23,37.0,58.14133071899414,-21.14133071899414
2023-05-24,41.0,55.96318435668945,-14.963184356689453
2023-05-25,39.0,57.775169372558594,-18.775169372558594
2023-05-26,54.0,58.88285827636719,-4.8828582763671875
2023-05-27,63.0,59.721031188964844,3.2789688110351562
2023-05-28,48.0,63.407840728759766,-15.407840728759766
2023-05-29,46.0,62.557437896728516,-16.557437896728516
2023-05-30,44.0,63.38545608520508,-19.385456085205078
2023-05-31,36.0,64.82572174072266,-28.825721740722656
2023-06-01,46.0,66.8517074584961,-20.851707458496094
2023-06-02,42.0,67.24522399902344,-25.245223999023438
2023-06-03,44.0,63.5042839050293,-19.504283905029297
2023-06-04,32.0,66.5896224975586,-34.589622497558594
2023-06-05,27.0,66.07695770263672,-39.07695770263672
2023-06-06,31.0,65.21356964111328,-34.21356964111328
2023-06-07,55.0,65.62891387939453,-10.628913879394531
2023-06-08,70.0,66.16932678222656,3.8306732177734375
2023-06-09,41.0,63.495784759521484,-22.495784759521484
2023-06-10,39.0,67.00062561035156,-28.000625610351562
2023-06-11,47.0,67.20841979980469,-20.208419799804688
2023-06-12,50.857142857142854,67.42131042480469,-16.564167567661833
2023-06-13,54.714285714285715,67.20841979980469,-12.494134085518972
2023-06-14,58.57142857142857,67.20841979980469,-8.636991228376118
2023-06-18,74.0,67.384765625,6.615234375
2023-06-19,68.0,73.3570556640625,-5.3570556640625
2023-06-20,59.0,68.1421890258789,-9.142189025878906
2023-06-21,60.0,68.07594299316406,-8.075942993164062
2023-06-22,46.0,68.71053314208984,-22.710533142089844
2023-06-23,46.0,69.0844955444336,-23.084495544433594
2023-06-24,27.0,68.94215393066406,-41.94215393066406
2023-06-25,37.0,71.13748168945312,-34.137481689453125
2023-06-26,41.0,70.88731384277344,-29.887313842773438
2023-06-27,44.0,70.19371032714844,-26.193710327148438
2023-06-28,53.0,72.88427734375,-19.88427734375
2023-06-29,65.0,79.31790161132812,-14.317901611328125
2023-06-30,61.0,84.93914794921875,-23.93914794921875
2023-07-01,48.0,81.27252197265625,-33.27252197265625
2023-07-02,38.0,80.50697326660156,-42.50697326660156
2023-07-03,36.0,80.55557250976562,-44.555572509765625
2023-07-04,39.0,87.63011169433594,-48.63011169433594
2023-07-05,55.0,87.33409881591797,-32.33409881591797
2023-07-06,45.0,86.392333984375,-41.392333984375
2023-07-07,53.0,80.74006652832031,-27.740066528320312
2023-07-08,42.0,82.86773681640625,-40.86773681640625
2023-07-09,57.0,88.5876693725586,-31.587669372558594
2023-07-10,74.0,80.15209197998047,-6.152091979980469
2023-07-11,93.0,78.23241424560547,14.767585754394531
2023-07-12,112.0,86.81379699707031,25.186203002929688
2023-07-13,80.0,89.89450073242188,-9.894500732421875
2023-07-14,57.0,81.72652435302734,-24.726524353027344
2023-07-15,66.0,79.42657470703125,-13.42657470703125
2023-07-16,66.0,77.6890869140625,-11.6890869140625
2023-07-17,65.0,74.12448120117188,-9.124481201171875
2023-07-18,83.0,72.55278015136719,10.447219848632812
2023-07-19,81.0,74.91082763671875,6.08917236328125
2023-07-20,105.0,79.63861846923828,25.36138153076172
2023-07-21,99.0,79.28312683105469,19.716873168945312
2023-07-22,59.0,90.81334686279297,-31.81334686279297
2023-07-23,87.0,84.10074615478516,2.8992538452148438
2023-07-24,64.0,79.0163803100586,-15.016380310058594
2023-07-25,56.0,77.50431823730469,-21.504318237304688
2023-07-26,46.0,79.0095443725586,-33.009544372558594
2023-07-27,36.0,77.4380111694336,-41.438011169433594
2023-07-28,32.0,78.55277252197266,-46.552772521972656
2023-07-29,34.0,90.67022705078125,-56.67022705078125
2023-07-30,43.0,89.15912628173828,-46.15912628173828
2023-07-31,52.0,89.09770965576172,-37.09770965576172
2023-08-01,50.0,89.14226531982422,-39.14226531982422
2023-08-02,65.0,90.59344482421875,-25.59344482421875
2023-08-03,56.0,83.77005004882812,-27.770050048828125
2023-08-04,36.0,63.763221740722656,-27.763221740722656
2023-08-05,21.0,66.54727172851562,-45.547271728515625
2023-08-06,28.0,65.81556701660156,-37.81556701660156
2023-08-07,31.0,65.27945709228516,-34.279457092285156
2023-08-08,31.0,65.83378601074219,-34.83378601074219
2023-08-09,47.0,68.33950805664062,-21.339508056640625
2023-08-10,57.0,71.1343994140625,-14.1343994140625
2023-08-11,44.0,71.678466796875,-27.678466796875
2023-08-12,32.0,72.67491912841797,-40.67491912841797
2023-08-13,41.0,70.16293334960938,-29.162933349609375
2023-08-14,60.0,72.90576171875,-12.90576171875
2023-08-15,68.0,77.58819580078125,-9.58819580078125
2023-08-16,76.0,78.887939453125,-2.887939453125
2023-08-17,56.0,87.09523010253906,-31.095230102539062
2023-08-18,60.0,91.81717681884766,-31.817176818847656
2023-08-19,66.0,85.01012420654297,-19.01012420654297
2023-08-20,51.0,82.31922149658203,-31.31922149658203
2023-08-21,48.0,76.41130065917969,-28.411300659179688
2023-08-22,39.0,69.056396484375,-30.056396484375
2023-08-23,56.0,68.4811019897461,-12.481101989746094
2023-08-24,59.0,66.62970733642578,-7.629707336425781
2023-08-25,51.0,70.74073791503906,-19.740737915039062
2023-08-26,75.0,71.28366088867188,3.716339111328125
2023-08-27,58.0,70.21922302246094,-12.219223022460938
2023-08-28,21.0,69.26691436767578,-48.26691436767578
2023-08-29,24.0,71.97486114501953,-47.97486114501953
2023-08-30,29.0,70.674560546875,-41.674560546875
2023-08-31,17.0,68.19915008544922,-51.19915008544922
2023-09-01,40.25,65.73128509521484,-25.481285095214844
2023-09-02,63.5,66.65483093261719,-3.1548309326171875
2023-09-03,86.75,73.79238891601562,12.957611083984375
2023-09-04,110.0,75.4259033203125,34.5740966796875
2023-09-05,72.0,72.05081939697266,-0.05081939697265625
2023-09-06,46.0,69.4052734375,-23.4052734375
2023-09-07,42.0,71.15047454833984,-29.150474548339844
2023-09-08,42.0,69.55804443359375,-27.55804443359375
2023-09-09,48.0,69.26691436767578,-21.26691436767578
2023-09-10,60.0,69.71360778808594,-9.713607788085938
2023-09-11,61.0,70.49010467529297,-9.490104675292969
2023-09-12,60.0,69.45698547363281,-9.456985473632812
2023-09-13,58.0,72.22624206542969,-14.226242065429688
2023-09-14,58.0,68.7294692993164,-10.729469299316406
2023-09-15,78.0,75.61180114746094,2.3881988525390625
2023-09-16,159.0,74.88182067871094,84.11817932128906
2023-09-17,97.0,74.77947998046875,22.22052001953125
2023-09-18,70.0,71.20789337158203,-1.2078933715820312
2023-09-19,40.0,69.01727294921875,-29.01727294921875
2023-09-20,52.0,69.9603042602539,-17.960304260253906
2023-09-21,55.0,69.64064025878906,-14.640640258789062
2023-09-22,30.0,68.80392456054688,-38.803924560546875
2023-09-23,18.0,69.41045379638672,-51.41045379638672
2023-09-24,33.0,69.3877944946289,-36.387794494628906
2023-09-25,36.0,69.79136657714844,-33.79136657714844
2023-09-26,31.0,70.52184295654297,-39.52184295654297
2023-09-27,33.0,72.10454559326172,-39.10454559326172
2023-09-28,36.0,70.11361694335938,-34.113616943359375
2023-09-29,39.0,70.25283813476562,-31.252838134765625
2023-09-30,36.0,73.51801300048828,-37.51801300048828
2023-10-01,39.0,71.80833435058594,-32.80833435058594
2023-10-02,34.0,71.01154327392578,-37.01154327392578
2023-10-03,57.0,72.4102783203125,-15.4102783203125
2023-10-04,66.0,70.39833068847656,-4.3983306884765625
2023-10-05,70.0,73.24073028564453,-3.2407302856445312
2023-10-06,54.0,73.51007843017578,-19.51007843017578
2023-10-07,43.0,70.85396575927734,-27.853965759277344
2023-10-08,42.0,70.49203491210938,-28.492034912109375
2023-10-09,51.0,70.96074676513672,-19.96074676513672
2023-10-10,55.0,71.82840728759766,-16.828407287597656
2023-10-11,77.0,72.16995239257812,4.830047607421875
2023-10-12,76.0,77.05614471435547,-1.0561447143554688
2023-10-13,67.0,80.59049987792969,-13.590499877929688
2023-10-14,56.0,76.61202239990234,-20.612022399902344
2023-10-15,68.0,72.59832763671875,-4.59832763671875
2023-10-16,78.0,74.68936920166016,3.3106307983398438
2023-10-17,76.0,75.72445678710938,0.275543212890625
2023-10-18,66.0,71.29664611816406,-5.2966461181640625
2023-10-19,54.0,69.50568389892578,-15.505683898925781
2023-10-20,34.0,67.5972900390625,-33.5972900390625
2023-10-21,30.0,64.88209533691406,-34.88209533691406
2023-10-22,85.0,65.7662582397461,19.233741760253906
2023-10-23,104.0,65.27012634277344,38.72987365722656
2023-10-24,35.0,63.242523193359375,-28.242523193359375
2023-10-25,31.0,64.01536560058594,-33.01536560058594
2023-10-26,37.0,65.7662582397461,-28.766258239746094
2023-10-27,53.0,65.09947204589844,-12.099472045898438
2023-10-28,52.0,64.77559661865234,-12.775596618652344
2023-10-29,51.0,69.6385269165039,-18.638526916503906
2023-10-30,48.0,70.00494384765625,-22.00494384765625
2023-10-31,37.0,66.95050811767578,-29.95050811767578
2023-11-01,32.0,65.37945556640625,-33.37945556640625
2023-11-02,37.0,65.58440399169922,-28.58440399169922
2023-11-03,40.0,61.824851989746094,-21.824851989746094
2023-11-04,36.0,60.38282012939453,-24.38282012939453
2023-11-05,39.0,59.46916961669922,-20.46916961669922
2023-11-06,48.0,61.495811462402344,-13.495811462402344
2023-11-07,36.0,60.7837028503418,-24.783702850341797
2023-11-08,50.0,68.85074615478516,-18.850746154785156
2023-11-09,55.0,65.71580505371094,-10.715805053710938
2023-11-10,41.0,65.10294342041016,-24.102943420410156
2023-11-11,43.0,65.07787322998047,-22.07787322998047
2023-11-12,36.0,65.07787322998047,-29.07787322998047
2023-11-13,60.0,70.4924087524414,-10.492408752441406
2023-11-14,57.0,72.80970764160156,-15.809707641601562
2023-11-15,59.0,80.32563781738281,-21.325637817382812
2023-11-16,75.0,87.06414794921875,-12.06414794921875
2023-11-17,63.0,90.71001434326172,-27.71001434326172
2023-11-18,74.0,85.88318634033203,-11.883186340332031
2023-11-19,73.0,87.64027404785156,-14.640274047851562
2023-11-20,58.0,81.60771179199219,-23.607711791992188
2023-11-21,49.0,64.64714813232422,-15.647148132324219
2023-11-22,33.0,60.93381118774414,-27.93381118774414
2023-11-23,41.0,55.25455856323242,-14.254558563232422
2023-11-24,31.0,57.27248001098633,-26.272480010986328
2023-11-25,45.0,58.18581008911133,-13.185810089111328
2023-11-26,86.0,68.03166961669922,17.96833038330078
2023-11-27,64.0,70.09156036376953,-6.091560363769531
2023-11-28,54.0,68.41368103027344,-14.413681030273438
2023-11-29,41.0,66.16564178466797,-25.16564178466797
2023-11-30,77.0,73.53951263427734,3.4604873657226562
2023-12-01,128.0,68.16636657714844,59.83363342285156
2023-12-02,34.0,66.43746185302734,-32.437461853027344
2023-12-03,54.0,67.84178161621094,-13.841781616210938
2023-12-04,53.0,65.5530014038086,-12.553001403808594
2023-12-05,48.0,67.26725006103516,-19.267250061035156
2023-12-06,58.0,71.59736633300781,-13.597366333007812
2023-12-07,68.0,79.59053039550781,-11.590530395507812
2023-12-08,41.0,64.1981430053711,-23.198143005371094
2023-12-09,29.0,70.31585693359375,-41.31585693359375
2023-12-10,52.0,71.47085571289062,-19.470855712890625
2023-12-11,64.0,80.6215591430664,-16.621559143066406
2023-12-12,59.0,87.23546600341797,-28.23546600341797
2023-12-13,44.0,66.7475357055664,-22.747535705566406
2023-12-14,26.0,62.03750991821289,-36.03750991821289
2023-12-15,31.0,64.58946990966797,-33.58946990966797
2023-12-16,32.0,61.67810821533203,-29.67810821533203
2023-12-17,44.0,60.14366149902344,-16.143661499023438
2023-12-18,53.0,57.689144134521484,-4.689144134521484
2023-12-19,48.0,59.19226837158203,-11.192268371582031
2023-12-20,54.0,59.35528564453125,-5.35528564453125
2023-12-21,59.0,61.83073043823242,-2.830730438232422
2023-12-22,50.0,66.23436737060547,-16.23436737060547
2023-12-23,73.0,72.1109619140625,0.8890380859375
2023-12-24,107.0,76.61351013183594,30.386489868164062
2023-12-25,122.0,77.57630157470703,44.42369842529297
2023-12-26,142.0,80.15435028076172,61.84564971923828
2023-12-27,141.0,87.38629150390625,53.61370849609375
2023-12-28,127.0,92.9419937133789,34.058006286621094
2023-12-29,105.0,94.83299255371094,10.167007446289062
2023-12-30,104.0,90.30645751953125,13.69354248046875
2023-12-31,86.0,93.41923522949219,-7.4192352294921875
2024-01-01,85.0,78.0489501953125,6.9510498046875
2024-01-02,84.0,87.41365814208984,-3.4136581420898438
2024-01-03,44.0,86.97602844238281,-42.97602844238281
2024-01-04,65.0,91.53643035888672,-26.53643035888672
2024-01-05,51.0,69.25401306152344,-18.254013061523438
2024-01-06,37.0,61.38947677612305,-24.389476776123047
2024-01-07,33.0,61.552066802978516,-28.552066802978516
2024-01-08,29.0,64.51520538330078,-35.51520538330078
2024-01-09,59.0,74.49921417236328,-15.499214172363281
2024-01-10,58.0,65.5776138305664,-7.577613830566406
2024-01-11,48.0,65.2594223022461,-17.259422302246094
2024-01-12,45.0,72.58924865722656,-27.589248657226562
2024-01-13,64.0,80.39350128173828,-16.39350128173828
2024-01-14,58.0,86.83818817138672,-28.83818817138672
2024-01-15,52.0,76.8817367553711,-24.881736755371094
2024-01-16,65.0,72.80529022216797,-7.805290222167969
2024-01-17,57.0,75.18647003173828,-18.18647003173828
2024-01-18,44.0,67.78804779052734,-23.788047790527344
2024-01-19,66.0,70.37032318115234,-4.370323181152344
2024-01-20,51.0,64.11998748779297,-13.119987487792969
2024-01-21,46.0,66.75663757324219,-20.756637573242188
2024-01-22,57.0,85.093017578125,-28.093017578125
2024-01-23,77.0,91.35850524902344,-14.358505249023438
2024-01-24,78.0,89.67495727539062,-11.674957275390625
2024-01-25,80.0,88.46881866455078,-8.468818664550781
2024-01-26,66.0,87.84220123291016,-21.842201232910156
2024-01-27,75.0,87.6059799194336,-12.605979919433594
2024-01-28,82.0,87.60661315917969,-5.6066131591796875
2024-01-29,105.0,90.37590026855469,14.624099731445312
2024-01-30,103.0,89.32916259765625,13.67083740234375
2024-01-31,115.0,87.6873550415039,27.312644958496094
2024-02-01,78.0,83.29348754882812,-5.293487548828125
2024-02-02,58.0,82.7479248046875,-24.7479248046875
2024-02-03,52.0,82.57553100585938,-30.575531005859375
2024-02-04,106.0,92.32074737548828,13.679252624511719
2024-02-05,73.0,92.96015930175781,-19.960159301757812
2024-02-06,65.0,89.5610122680664,-24.561012268066406
2024-02-07,59.0,77.24047088623047,-18.24047088623047
2024-02-08,72.0,72.11172485351562,-0.111724853515625
2024-02-09,85.0,71.01475524902344,13.985244750976562
2024-02-10,75.0,62.46384048461914,12.53615951538086
2024-02-11,34.0,64.59165954589844,-30.591659545898438
2024-02-12,47.0,63.2872314453125,-16.2872314453125
2024-02-13,59.0,65.71568298339844,-6.7156829833984375
2024-02-14,71.0,70.87987518310547,0.12012481689453125
2024-02-15,82.0,69.0293960571289,12.970603942871094
2024-02-16,51.0,64.7374496459961,-13.737449645996094
2024-02-17,51.0,74.61144256591797,-23.61144256591797
2024-02-18,50.375,74.56260681152344,-24.187606811523438
2024-02-19,49.75,63.47730255126953,-13.727302551269531
2024-02-20,49.125,62.00597381591797,-12.880973815917969
2024-03-04,41.0,64.54646301269531,-23.546463012695312
2024-03-05,49.0,67.15880584716797,-18.15880584716797
2024-03-06,57.0,69.29998016357422,-12.299980163574219
2024-03-07,81.0,82.46182250976562,-1.461822509765625
2024-03-08,52.0,69.55012512207031,-17.550125122070312
2024-03-09,33.0,64.8163833618164,-31.816383361816406
2024-03-10,31.0,61.038002014160156,-30.038002014160156
2024-03-11,43.0,59.088775634765625,-16.088775634765625
2024-03-12,46.0,65.49302673339844,-19.493026733398438
2024-03-13,57.0,70.21685028076172,-13.216850280761719
2024-03-14,55.0,71.37483978271484,-16.374839782714844
2024-03-15,65.0,74.64916229248047,-9.649162292480469
2024-03-16,46.0,80.71438598632812,-34.714385986328125
2024-03-17,70.0,92.35344696044922,-22.35344696044922
2024-03-18,54.0,89.16613006591797,-35.16613006591797
2024-03-19,97.0,94.27479553222656,2.7252044677734375
2024-03-20,77.0,88.65877532958984,-11.658775329589844
2024-03-21,77.0,87.56848907470703,-10.568489074707031
2024-03-22,73.0,78.95429229736328,-5.954292297363281
2024-03-23,72.0,76.19852447509766,-4.198524475097656
2024-03-24,80.0,69.06549835205078,10.934501647949219
2024-03-25,135.0,65.64105224609375,69.35894775390625
2024-03-26,59.0,62.511070251464844,-3.5110702514648438
2024-03-27,43.0,63.88323211669922,-20.88323211669922
2024-03-28,48.0,65.2672119140625,-17.2672119140625
2024-03-29,157.0,67.96448516845703,89.03551483154297
2024-03-30,35.0,66.03585815429688,-31.035858154296875
2024-03-31,102.0,65.56591796875,36.43408203125
2024-04-01,33.0,65.59058380126953,-32.59058380126953
2024-04-02,45.0,68.79631042480469,-23.796310424804688
2024-04-03,49.0,72.19879150390625,-23.19879150390625
2024-04-04,63.0,69.59945678710938,-6.599456787109375
2024-04-05,65.0,70.91146087646484,-5.911460876464844
2024-04-06,59.0,70.48323059082031,-11.483230590820312
2024-04-07,69.0,70.89961242675781,-1.8996124267578125
2024-04-08,81.0,69.36555480957031,11.634445190429688
2024-04-09,40.0,65.71712493896484,-25.717124938964844
2024-04-10,34.0,69.4405288696289,-35.440528869628906
2024-04-11,40.0,63.67707824707031,-23.677078247070312
2024-04-12,34.0,67.09403991699219,-33.09403991699219
2024-04-13,50.0,67.49568176269531,-17.495681762695312
2024-04-14,53.0,67.70857238769531,-14.708572387695312
2024-04-15,68.0,67.49568176269531,0.5043182373046875
2024-04-16,85.0,74.73763275146484,10.262367248535156
2024-04-17,65.0,67.90656280517578,-2.9065628051757812
2024-04-18,42.0,68.61918640136719,-26.619186401367188
2024-04-19,37.0,65.98206329345703,-28.98206329345703
2024-04-20,48.0,65.33529663085938,-17.335296630859375
2024-04-21,41.0,65.25381469726562,-24.253814697265625
2024-04-22,39.0,66.5042953491211,-27.504295349121094
2024-04-23,30.0,65.78575134277344,-35.78575134277344
2024-04-24,35.0,71.870849609375,-36.870849609375
2024-04-25,59.0,69.61970520019531,-10.619705200195312
2024-04-26,57.0,71.1232681274414,-14.123268127441406
2024-04-27,54.0,69.59945678710938,-15.599456787109375
2024-04-28,58.0,66.28494262695312,-8.284942626953125
2024-04-29,46.0,61.621376037597656,-15.621376037597656
2024-04-30,51.0,57.64892578125,-6.64892578125
2024-05-01,47.0,56.21105194091797,-9.211051940917969
2024-05-02,36.0,55.5102424621582,-19.510242462158203
2024-05-03,55.0,60.77132034301758,-5.771320343017578
2024-05-04,64.0,64.28910827636719,-0.2891082763671875
2024-05-05,62.0,69.50202178955078,-7.502021789550781
2024-05-06,55.0,69.57247924804688,-14.572479248046875
2024-05-07,46.0,67.19710540771484,-21.197105407714844
2024-05-08,30.0,66.89263916015625,-36.89263916015625
2024-05-09,42.0,66.87339782714844,-24.873397827148438
2024-05-10,46.0,65.42327117919922,-19.42327117919922
2024-05-11,50.0,67.3596420288086,-17.359642028808594
2024-05-12,55.0,65.71138763427734,-10.711387634277344
2024-05-13,63.0,64.41586303710938,-1.415863037109375
2024-05-14,59.0,64.98247528076172,-5.982475280761719
2024-05-15,45.0,65.42327117919922,-20.42327117919922
2024-05-16,45.0,64.78309631347656,-19.783096313476562
2024-05-17,52.0,67.30746459960938,-15.307464599609375
2024-05-18,42.0,66.54878234863281,-24.548782348632812
2024-05-19,48.0,64.06455993652344,-16.064559936523438
2024-05-20,43.0,62.241729736328125,-19.241729736328125
2024-05-21,42.0,64.47631072998047,-22.47631072998047
2024-05-22,51.0,67.61676025390625,-16.61676025390625
2024-05-23,52.0,65.70970153808594,-13.709701538085938
2024-05-24,83.0,66.23678588867188,16.763214111328125
2024-05-25,67.0,67.61676025390625,-0.61676025390625
2024-05-26,66.0,69.55975341796875,-3.55975341796875
2024-05-27,78.0,68.82501220703125,9.17498779296875
2024-05-28,54.0,68.36985778808594,-14.369857788085938
2024-05-29,42.0,65.70413208007812,-23.704132080078125
2024-05-30,46.0,69.36293029785156,-23.362930297851562
2024-05-31,51.0,67.07139587402344,-16.071395874023438
2024-06-01,42.0,65.06395721435547,-23.06395721435547
2024-06-02,36.0,64.66282653808594,-28.662826538085938
2024-06-03,40.0,64.78309631347656,-24.783096313476562
2024-06-04,47.0,65.42327117919922,-18.42327117919922
2024-06-05,47.375,65.20994567871094,-17.834945678710938
2024-06-06,47.75,65.20994567871094,-17.459945678710938
2024-06-07,48.125,65.3030014038086,-17.178001403808594
2024-06-12,50.0,66.6236343383789,-16.623634338378906
2024-06-13,37.0,65.98634338378906,-28.986343383789062
2024-06-14,41.0,68.36907196044922,-27.36907196044922
2024-06-15,59.0,65.64496612548828,-6.644966125488281
2024-06-16,59.0,67.93888854980469,-8.938888549804688
2024-06-17,70.0,70.48307037353516,-0.48307037353515625
2024-06-18,63.0,71.11089324951172,-8.110893249511719
2024-06-19,47.0,69.26197052001953,-22.26197052001953
2024-06-20,37.0,68.11779022216797,-31.11779022216797
2024-06-21,28.0,69.5343017578125,-41.5343017578125
2024-06-22,32.0,70.2962646484375,-38.2962646484375
2024-06-23,35.0,69.57013702392578,-34.57013702392578
2024-06-24,25.0,69.23541259765625,-44.23541259765625
2024-06-25,26.0,69.26776885986328,-43.26776885986328
2024-06-26,45.0,69.04993438720703,-24.04993438720703
2024-06-27,54.0,70.02462005615234,-16.024620056152344
2024-06-28,43.0,74.18859100341797,-31.18859100341797
2024-06-29,51.0,72.59527587890625,-21.59527587890625
2024-06-30,49.0,72.97258758544922,-23.97258758544922
2024-07-01,40.0,71.98863220214844,-31.988632202148438
2024-07-02,37.0,73.1114730834961,-36.111473083496094
2024-07-03,44.0,76.46764373779297,-32.46764373779297
2024-07-04,37.0,71.84354400634766,-34.843544006347656
2024-07-05,30.0,68.97875213623047,-38.97875213623047
2024-07-06,41.0,66.10833740234375,-25.10833740234375
2024-07-07,53.0,68.63343811035156,-15.633438110351562
2024-07-08,37.0,69.6593246459961,-32.659324645996094
2024-07-09,48.0,71.57205200195312,-23.572052001953125
2024-07-10,50.0,74.57621765136719,-24.576217651367188
2024-07-11,46.0,74.75566864013672,-28.75566864013672
2024-07-12,76.0,77.9600601196289,-1.9600601196289062
2024-07-13,60.0,75.2781753540039,-15.278175354003906
2024-07-14,50.0,80.16497802734375,-30.16497802734375
2024-07-15,78.0,90.73616027832031,-12.736160278320312
2024-07-16,49.0,89.6147232055664,-40.614723205566406
2024-07-17,27.0,79.52330780029297,-52.52330780029297
2024-07-18,36.0,76.52953338623047,-40.52953338623047
2024-07-19,40.0,75.44671630859375,-35.44671630859375
2024-07-20,64.0,77.59571075439453,-13.595710754394531
2024-07-21,69.0,72.05007934570312,-3.050079345703125
2024-07-22,25.0,65.77838897705078,-40.77838897705078
2024-07-23,31.0,65.0053939819336,-34.005393981933594
2024-07-24,32.0,66.26329040527344,-34.26329040527344
2024-07-25,47.0,71.49368286132812,-24.493682861328125
2024-07-26,34.0,72.6549072265625,-38.6549072265625
2024-07-27,55.0,73.27871704101562,-18.278717041015625
2024-07-28,100.0,77.51290893554688,22.487091064453125
2024-07-29,59.0,72.44343566894531,-13.443435668945312
2024-07-30,48.0,75.9759521484375,-27.9759521484375
2024-07-31,76.0,75.75655364990234,0.24344635009765625
2024-08-01,66.0,80.73402404785156,-14.734024047851562
2024-08-02,64.0,85.79322052001953,-21.79322052001953
2024-08-03,47.0,78.30863189697266,-31.308631896972656
2024-08-04,47.0,76.24185180664062,-29.241851806640625
2024-08-05,44.0,70.74430084228516,-26.744300842285156
2024-08-06,48.0,74.79238891601562,-26.792388916015625
2024-08-07,61.0,72.60821533203125,-11.60821533203125
2024-08-08,76.0,79.45426940917969,-3.4542694091796875
2024-08-09,64.0,83.4756851196289,-19.475685119628906
2024-08-10,53.0,79.08343505859375,-26.08343505859375
2024-08-11,68.0,77.3481674194336,-9.348167419433594
2024-08-12,76.0,76.62953186035156,-0.6295318603515625
2024-08-13,86.0,73.8428955078125,12.1571044921875
2024-08-14,71.0,69.37601470947266,1.6239852905273438
2024-08-15,53.0,63.7760009765625,-10.7760009765625
2024-08-16,50.0,67.54972076416016,-17.549720764160156
2024-08-17,52.0,67.67738342285156,-15.677383422851562
2024-08-18,59.0,71.5853042602539,-12.585304260253906
2024-08-19,49.0,69.6785888671875,-20.6785888671875
2024-08-20,60.0,70.67715454101562,-10.677154541015625
2024-08-21,64.0,69.0860366821289,-5.086036682128906
2024-08-22,97.0,73.17826843261719,23.821731567382812
2024-08-23,100.0,72.3018798828125,27.6981201171875
2024-08-24,102.0,76.4945068359375,25.5054931640625
2024-08-25,105.0,77.41323852539062,27.586761474609375
2024-08-26,60.0,71.67626953125,-11.67626953125
2024-08-27,49.0,68.27699279785156,-19.276992797851562
2024-08-28,53.0,64.65369415283203,-11.653694152832031
2024-08-29,54.0,65.56755828857422,-11.567558288574219
2024-08-30,70.0,66.19010925292969,3.8098907470703125
2024-08-31,74.0,67.99803161621094,6.0019683837890625
2024-09-01,83.0,67.71466064453125,15.28533935546875
2024-09-02,78.0,71.31106567382812,6.688934326171875
2024-09-03,78.0,71.38291931152344,6.6170806884765625
2024-09-04,81.0,70.169921875,10.830078125
2024-09-05,50.0,66.47725677490234,-16.477256774902344
2024-09-06,99.0,69.91056823730469,29.089431762695312
2024-09-07,159.0,75.06649780273438,83.93350219726562
2024-09-08,92.0,68.29302978515625,23.70697021484375
2024-09-09,80.0,63.45695114135742,16.543048858642578
2024-09-10,55.0,69.31948852539062,-14.319488525390625
2024-09-11,60.0,70.71370697021484,-10.713706970214844
2024-09-12,54.0,71.1296157836914,-17.129615783691406
2024-09-13,62.0,68.7787094116211,-6.778709411621094
2024-09-14,51.0,68.77739715576172,-17.77739715576172
2024-09-15,51.0,68.37480163574219,-17.374801635742188
2024-09-16,51.0,66.43486785888672,-15.434867858886719
2024-09-17,52.0,66.16488647460938,-14.164886474609375
2024-09-18,56.0,66.16488647460938,-10.164886474609375
2024-09-19,58.0,65.1163558959961,-7.116355895996094
2024-09-20,76.0,66.89459991455078,9.105400085449219
2024-09-21,77.0,64.36288452148438,12.637115478515625
2024-09-22,81.0,67.96298217773438,13.037017822265625
2024-09-23,70.0,66.01506805419922,3.9849319458007812
2024-09-24,96.0,68.114501953125,27.885498046875
2024-09-25,88.0,68.20249938964844,19.797500610351562
2024-09-26,71.0,68.29817199707031,2.7018280029296875
2024-09-27,47.0,66.45767211914062,-19.457672119140625
2024-09-28,43.0,64.16844940185547,-21.16844940185547
2024-09-29,53.0,66.7969970703125,-13.7969970703125
2024-09-30,56.0,68.27828979492188,-12.278289794921875
2024-10-01,69.0,69.78734588623047,-0.7873458862304688
2024-10-02,71.0,74.10073852539062,-3.100738525390625
2024-10-03,61.0,68.50238037109375,-7.50238037109375
2024-10-04,66.0,69.7283935546875,-3.7283935546875
2024-10-05,63.0,72.69475555419922,-9.694755554199219
2024-10-06,65.0,75.71785736083984,-10.717857360839844
2024-10-07,95.0,73.50422668457031,21.495773315429688
2024-10-08,68.0,67.93682861328125,0.06317138671875
2024-10-09,65.0,75.4893798828125,-10.4893798828125
2024-10-10,54.0,69.91421508789062,-15.914215087890625
2024-10-11,52.0,75.63775634765625,-23.63775634765625
2024-10-12,65.0,72.00956726074219,-7.0095672607421875
2024-10-13,80.0,72.38819885253906,7.6118011474609375
2024-10-14,57.0,72.55731964111328,-15.557319641113281
2024-10-15,75.0,67.63240051269531,7.3675994873046875
2024-10-16,72.0,68.3238296508789,3.6761703491210938
2024-10-17,76.0,65.31008911132812,10.689910888671875
2024-10-18,77.40625,65.70023345947266,11.706016540527344
2024-10-19,78.8125,65.44983673095703,13.362663269042969
2024-10-20,80.21875,65.44983673095703,14.768913269042969
2024-11-18,121.0,69.02080535888672,51.97919464111328
2024-11-19,95.0,76.54499053955078,18.45500946044922
2024-11-20,65.0,67.82521057128906,-2.8252105712890625
2024-11-21,58.0,66.01641845703125,-8.01641845703125
2024-11-22,56.0,62.30875015258789,-6.308750152587891
2024-11-23,50.0,65.13864135742188,-15.138641357421875
2024-11-24,80.0,66.84628295898438,13.153717041015625
2024-11-25,66.0,75.11707305908203,-9.117073059082031
2024-11-26,76.0,78.89772033691406,-2.8977203369140625
2024-11-27,85.0,86.57061767578125,-1.57061767578125
2024-11-28,93.0,83.22940063476562,9.770599365234375
2024-11-29,96.0,89.06356048583984,6.936439514160156
2024-11-30,88.0,89.06836700439453,-1.0683670043945312
2024-12-01,88.0,89.20697784423828,-1.2069778442382812
2024-12-02,112.0,89.20697784423828,22.79302215576172
2024-12-03,100.0,89.20697784423828,10.793022155761719
2024-12-04,66.0,74.47124481201172,-8.471244812011719
2024-12-05,52.0,65.793701171875,-13.793701171875
2024-12-06,56.0,67.6406021118164,-11.640602111816406
2024-12-07,47.0,65.6653823852539,-18.665382385253906
2024-12-08,32.0,62.57076644897461,-30.57076644897461
2024-12-09,32.0,60.6085205078125,-28.6085205078125
2024-12-10,35.0,61.905609130859375,-26.905609130859375
2024-12-11,64.0,63.56085205078125,0.43914794921875
2024-12-12,73.0,78.76296997070312,-5.762969970703125
2024-12-13,84.0,79.05467987060547,4.945320129394531
2024-12-14,85.0,89.23055267333984,-4.230552673339844
2024-12-15,50.0,79.4607925415039,-29.460792541503906
2024-12-16,65.0,85.59589385986328,-20.59589385986328
2024-12-17,75.0,93.22004699707031,-18.220046997070312
2024-12-18,73.0,91.38553619384766,-18.385536193847656
2024-12-19,54.0,77.27323913574219,-23.273239135742188
2024-12-20,62.0,69.09178161621094,-7.0917816162109375
2024-12-21,64.0,75.58457946777344,-11.584579467773438
2024-12-22,60.0,73.95115661621094,-13.951156616210938
2024-12-23,43.0,71.56051635742188,-28.560516357421875
2024-12-24,40.0,66.85623168945312,-26.856231689453125
2024-12-25,61.0,65.45984649658203,-4.459846496582031
2024-12-26,56.0,69.47278594970703,-13.472785949707031
2024-12-27,52.0,74.17859649658203,-22.17859649658203
2024-12-28,64.0,79.03856658935547,-15.038566589355469
2024-12-29,77.0,92.17700958251953,-15.177009582519531
2024-12-30,85.66666666666667,93.70589447021484,-8.039227803548172
2024-12-31,94.33333333333333,90.52703857421875,3.8062947591145786
2025-01-01,103.0,89.95763397216797,13.042366027832031
2025-01-02,100.0,89.3855972290039,10.614402770996094
2025-01-03,64.0,89.7518081665039,-25.751808166503906
2025-01-04,59.0,93.81026458740234,-34.810264587402344
2025-01-05,69.0,92.02029418945312,-23.020294189453125
2025-01-06,58.0,75.9793930053711,-17.979393005371094
2025-01-07,33.0,63.96671676635742,-30.966716766357422
2025-01-08,61.0,76.72341918945312,-15.723419189453125
2025-01-09,43.0,67.36470031738281,-24.364700317382812
2025-01-10,56.0,70.20047760009766,-14.200477600097656
2025-01-11,54.0,66.40241241455078,-12.402412414550781
2025-01-12,47.0,65.70862579345703,-18.70862579345703
2025-01-13,40.0,63.17885971069336,-23.17885971069336
2025-01-14,43.0,63.1628303527832,-20.162830352783203
2025-01-15,60.0,71.54924774169922,-11.549247741699219
2025-01-16,58.0,68.46900939941406,-10.469009399414062
2025-01-17,61.0,71.30938720703125,-10.30938720703125
2025-01-18,57.0,75.00994873046875,-18.00994873046875
2025-01-19,46.0,68.32568359375,-22.32568359375
2025-01-20,58.0,82.79662322998047,-24.79662322998047
2025-01-21,58.0,91.57215118408203,-33.57215118408203
2025-01-22,68.0,90.50350952148438,-22.503509521484375
2025-01-23,129.0,89.10047912597656,39.89952087402344
2025-01-24,78.0,88.85066986083984,-10.850669860839844
2025-01-25,58.0,87.88502502441406,-29.885025024414062
2025-01-26,69.0,88.09503936767578,-19.09503936767578
2025-01-27,56.0,75.93265533447266,-19.932655334472656
2025-01-28,44.0,60.30118942260742,-16.301189422607422
2025-01-29,41.0,63.21184158325195,-22.211841583251953
2025-01-30,49.0,61.785369873046875,-12.785369873046875
2025-01-31,42.0,68.27246856689453,-26.27246856689453
2025-02-01,50.0,71.7165756225586,-21.716575622558594
2025-02-02,40.0,64.4766845703125,-24.4766845703125
2025-02-03,59.0,63.539241790771484,-4.539241790771484
2025-02-04,60.0,74.57565307617188,-14.575653076171875
2025-02-05,55.0,71.98412322998047,-16.98412322998047
2025-02-06,71.0,76.86395263671875,-5.86395263671875
2025-02-07,56.0,81.72406768798828,-25.72406768798828
2025-02-08,55.0,68.66044616699219,-13.660446166992188
2025-02-09,51.0,80.32408905029297,-29.32408905029297
2025-02-10,58.0,89.23815155029297,-31.23815155029297
2025-02-11,67.0,94.6002426147461,-27.600242614746094
2025-02-12,49.0,94.05460357666016,-45.054603576660156
2025-02-13,47.0,75.7044448852539,-28.704444885253906
2025-02-14,46.0,85.38199615478516,-39.381996154785156
2025-02-15,63.0,99.87950134277344,-36.87950134277344
2025-02-16,73.0,103.24655151367188,-30.246551513671875
2025-02-17,72.0,95.68387603759766,-23.683876037597656
2025-02-18,81.0,93.58621215820312,-12.586212158203125
2025-02-19,53.0,92.55170440673828,-39.55170440673828
2025-02-20,72.0,98.66101837158203,-26.66101837158203
2025-02-21,75.0,97.693359375,-22.693359375
2025-02-22,68.0,88.542236328125,-20.542236328125
2025-02-23,50.0,79.0037612915039,-29.003761291503906
2025-02-24,87.0,86.89248657226562,0.107513427734375
2025-02-25,55.0,89.27500915527344,-34.27500915527344
2025-02-26,39.0,79.29978942871094,-40.29978942871094
2025-02-27,62.0,96.17510986328125,-34.17510986328125
2025-02-28,71.0,82.69808197021484,-11.698081970214844
2025-03-01,65.0,84.98583984375,-19.98583984375
2025-03-02,59.0,82.01416778564453,-23.01416778564453
2025-03-03,76.0,86.04293823242188,-10.042938232421875
2025-03-04,100.0,68.8932113647461,31.106788635253906
